Timestamp,Target Name,Classification Type
2026-05-22 05:07:18,VIKAS_KHANNA,PERSONNEL PROFILE
2026-05-22 05:07:19,SUNDAR_PICHAI,PERSONNEL PROFILE
2026-05-22 05:07:22,BRAHMI,PERSONNEL PROFILE
2026-05-22 05:07:26,SUNDAR_PICHAI,PERSONNEL PROFILE
2026-05-22 05:07:29,BRAHMI,PERSONNEL PROFILE
2026-05-22 05:07:37,BRAHMI,PERSONNEL PROFILE
2026-05-22 05:07:46,BRAHMI,PERSONNEL PROFILE
2026-05-22 05:07:55,BRAHMI,PERSONNEL PROFILE
2026-05-22 05:08:04,BRAHMI,PERSONNEL PROFILE
2026-05-22 05:08:11,VIKAS_KHANNA,PERSONNEL PROFILE
2026-05-22 05:08:12,BRAHMI,PERSONNEL PROFILE
2026-05-22 05:08:19,VIKAS_KHANNA,PERSONNEL PROFILE
2026-05-22 05:08:20,BRAHMI,PERSONNEL PROFILE
2026-05-22 05:08:28,BRAHMI,PERSONNEL PROFILE
2026-05-22 05:08:29,VIKAS_KHANNA,PERSONNEL PROFILE
2026-05-22 05:08:32,VIRAT_KOHLI,PERSONNEL PROFILE
2026-05-22 05:08:36,BRAHMI,PERSONNEL PROFILE
2026-05-22 05:08:44,BRAHMI,PERSONNEL PROFILE
2026-05-22 05:08:52,VIKAS_KHANNA,PERSONNEL PROFILE
2026-05-22 05:08:53,BRAHMI,PERSONNEL PROFILE
2026-05-22 05:09:02,BRAHMI,PERSONNEL PROFILE
2026-05-22 05:09:05,VIKAS_KHANNA,PERSONNEL PROFILE
2026-05-22 05:09:10,BRAHMI,PERSONNEL PROFILE
2026-05-22 05:09:18,BRAHMI,PERSONNEL PROFILE
2026-05-22 05:09:21,VIRAT_KOHLI,PERSONNEL PROFILE
2026-05-22 05:09:28,BRAHMI,PERSONNEL PROFILE
2026-05-22 05:09:36,BRAHMI,PERSONNEL PROFILE
2026-05-22 05:09:46,BRAHMI,PERSONNEL PROFILE
2026-05-22 05:09:54,BRAHMI,PERSONNEL PROFILE
2026-05-22 05:10:02,VIKAS_KHANNA,PERSONNEL PROFILE
2026-05-22 05:10:03,BRAHMI,PERSONNEL PROFILE
2026-05-22 05:10:05,VIRAT_KOHLI,PERSONNEL PROFILE
2026-05-22 05:10:10,VIKAS_KHANNA,PERSONNEL PROFILE
2026-05-22 05:10:12,BRAHMI,PERSONNEL PROFILE
2026-05-22 05:10:14,VIRAT_KOHLI,PERSONNEL PROFILE
2026-05-22 05:10:19,VIKAS_KHANNA,PERSONNEL PROFILE
2026-05-22 05:10:21,BRAHMI,PERSONNEL PROFILE
2026-05-22 05:10:23,SUNDAR_PICHAI,PERSONNEL PROFILE
2026-05-22 05:10:26,VIRAT_KOHLI,PERSONNEL PROFILE
2026-05-22 05:10:27,VIKAS_KHANNA,PERSONNEL PROFILE
2026-05-22 05:10:32,BRAHMI,PERSONNEL PROFILE
2026-05-22 05:10:36,SUNDAR_PICHAI,PERSONNEL PROFILE
2026-05-22 05:10:40,BRAHMI,PERSONNEL PROFILE
2026-05-22 05:10:41,VIRAT_KOHLI,PERSONNEL PROFILE
2026-05-22 05:10:47,VIKAS_KHANNA,PERSONNEL PROFILE
2026-05-22 05:10:50,BRAHMI,PERSONNEL PROFILE
2026-05-22 05:10:58,BRAHMI,PERSONNEL PROFILE
2026-05-22 05:11:06,SUNDAR_PICHAI,PERSONNEL PROFILE
2026-05-22 05:11:07,BRAHMI,PERSONNEL PROFILE
2026-05-22 05:11:15,BRAHMI,PERSONNEL PROFILE
2026-05-22 05:11:17,VIRAT_KOHLI,PERSONNEL PROFILE
2026-05-22 05:11:22,VIKAS_KHANNA,PERSONNEL PROFILE
2026-05-22 05:11:23,BRAHMI,PERSONNEL PROFILE
2026-05-22 05:11:25,VIRAT_KOHLI,PERSONNEL PROFILE
2026-05-22 05:11:28,SUNDAR_PICHAI,PERSONNEL PROFILE
2026-05-22 05:11:31,BRAHMI,PERSONNEL PROFILE
2026-05-22 05:11:40,BRAHMI,PERSONNEL PROFILE
2026-05-22 05:11:48,BRAHMI,PERSONNEL PROFILE
2026-05-22 05:11:54,VIRAT_KOHLI,PERSONNEL PROFILE
2026-05-22 05:11:55,VIKAS_KHANNA,PERSONNEL PROFILE
2026-05-22 05:11:58,BRAHMI,PERSONNEL PROFILE
2026-05-22 05:12:02,SUNDAR_PICHAI,PERSONNEL PROFILE
2026-05-22 05:12:06,BRAHMI,PERSONNEL PROFILE
2026-05-22 05:12:11,SUNDAR_PICHAI,PERSONNEL PROFILE
2026-05-22 05:12:15,BRAHMI,PERSONNEL PROFILE
2026-05-22 05:12:24,BRAHMI,PERSONNEL PROFILE
2026-05-22 05:12:26,VIKAS_KHANNA,PERSONNEL PROFILE
2026-05-22 05:12:32,BRAHMI,PERSONNEL PROFILE
2026-05-22 05:12:33,VIRAT_KOHLI,PERSONNEL PROFILE
2026-05-22 05:12:41,SUNDAR_PICHAI,PERSONNEL PROFILE
2026-05-22 05:12:43,BRAHMI,PERSONNEL PROFILE
2026-05-22 05:12:47,VIRAT_KOHLI,PERSONNEL PROFILE
2026-05-22 05:12:52,BRAHMI,PERSONNEL PROFILE
2026-05-22 05:13:00,BRAHMI,PERSONNEL PROFILE
2026-05-22 05:13:08,BRAHMI,PERSONNEL PROFILE
2026-05-22 05:13:15,VIRAT_KOHLI,PERSONNEL PROFILE
2026-05-22 05:13:17,VIKAS_KHANNA,PERSONNEL PROFILE
2026-05-22 05:13:19,BRAHMI,PERSONNEL PROFILE
2026-05-22 05:13:26,VIKAS_KHANNA,PERSONNEL PROFILE
2026-05-22 05:13:28,SUNDAR_PICHAI,PERSONNEL PROFILE
2026-05-22 05:13:29,BRAHMI,PERSONNEL PROFILE
2026-05-22 05:13:36,VIKAS_KHANNA,PERSONNEL PROFILE
2026-05-22 05:13:37,SUNDAR_PICHAI,PERSONNEL PROFILE
2026-05-22 05:13:39,BRAHMI,PERSONNEL PROFILE
2026-05-22 05:13:44,VIKAS_KHANNA,PERSONNEL PROFILE
2026-05-22 05:13:46,VIRAT_KOHLI,PERSONNEL PROFILE
2026-05-22 05:13:47,SAILAJA,PERSONNEL PROFILE
2026-05-22 05:13:53,VIKAS_KHANNA,PERSONNEL PROFILE
2026-05-22 05:14:02,SUNDAR_PICHAI,PERSONNEL PROFILE
2026-05-22 05:14:03,VIKAS_KHANNA,PERSONNEL PROFILE
2026-05-22 05:14:03,BRAHMI,PERSONNEL PROFILE
2026-05-22 05:14:04,VIRAT_KOHLI,PERSONNEL PROFILE
2026-05-22 05:14:12,BRAHMI,PERSONNEL PROFILE
2026-05-22 05:14:13,VIKAS_KHANNA,PERSONNEL PROFILE
2026-05-22 05:14:14,VIRAT_KOHLI,PERSONNEL PROFILE
2026-05-22 05:14:21,VIKAS_KHANNA,PERSONNEL PROFILE
2026-05-22 05:14:24,VIRAT_KOHLI,PERSONNEL PROFILE
2026-05-22 05:14:29,VIKAS_KHANNA,PERSONNEL PROFILE
2026-05-22 05:14:32,VIRAT_KOHLI,PERSONNEL PROFILE
2026-05-22 05:14:34,SUNDAR_PICHAI,PERSONNEL PROFILE
2026-05-22 05:14:36,BRAHMI,PERSONNEL PROFILE
2026-05-22 05:14:41,VIKAS_KHANNA,PERSONNEL PROFILE
2026-05-22 05:14:42,VIRAT_KOHLI,PERSONNEL PROFILE
2026-05-22 05:14:49,BRAHMI,PERSONNEL PROFILE
2026-05-22 05:14:50,VIKAS_KHANNA,PERSONNEL PROFILE
2026-05-22 05:14:50,VIRAT_KOHLI,PERSONNEL PROFILE
2026-05-22 05:14:57,BRAHMI,PERSONNEL PROFILE
2026-05-22 05:14:59,VIRAT_KOHLI,PERSONNEL PROFILE
2026-05-22 05:15:03,SUNDAR_PICHAI,PERSONNEL PROFILE
2026-05-22 05:15:04,VIKAS_KHANNA,PERSONNEL PROFILE
2026-05-22 05:15:07,VIRAT_KOHLI,PERSONNEL PROFILE
2026-05-22 05:15:11,SUNDAR_PICHAI,PERSONNEL PROFILE
2026-05-22 05:15:13,VIKAS_KHANNA,PERSONNEL PROFILE
2026-05-22 05:15:23,VIKAS_KHANNA,PERSONNEL PROFILE
2026-05-22 05:15:24,BRAHMI,PERSONNEL PROFILE
2026-05-22 05:15:25,VIRAT_KOHLI,PERSONNEL PROFILE
2026-05-22 05:15:27,SAILAJA,PERSONNEL PROFILE
2026-05-22 05:15:29,SUNDAR_PICHAI,PERSONNEL PROFILE
2026-05-22 05:15:32,BRAHMI,PERSONNEL PROFILE
2026-05-22 05:15:34,VIRAT_KOHLI,PERSONNEL PROFILE
2026-05-22 05:15:38,VIKAS_KHANNA,PERSONNEL PROFILE
2026-05-22 05:15:43,VIRAT_KOHLI,PERSONNEL PROFILE
2026-05-22 05:15:47,VIKAS_KHANNA,PERSONNEL PROFILE
2026-05-22 05:15:55,VIKAS_KHANNA,PERSONNEL PROFILE
2026-05-22 05:16:04,VIKAS_KHANNA,PERSONNEL PROFILE
2026-05-22 05:16:07,VIRAT_KOHLI,PERSONNEL PROFILE
2026-05-22 05:16:10,BRAHMI,PERSONNEL PROFILE
2026-05-22 05:16:14,VIKAS_KHANNA,PERSONNEL PROFILE
2026-05-22 05:16:15,VIRAT_KOHLI,PERSONNEL PROFILE
2026-05-22 05:16:24,VIKAS_KHANNA,PERSONNEL PROFILE
2026-05-22 05:25:24,SAILAJA,PERSONNEL PROFILE
2026-05-22 05:25:38,BRAHMI,PERSONNEL PROFILE
2026-05-22 05:25:43,VIKAS_KHANNA,PERSONNEL PROFILE
2026-05-22 05:25:56,VIKAS_KHANNA,PERSONNEL PROFILE
2026-05-22 05:26:55,BRAHMI,PERSONNEL PROFILE
2026-05-22 05:27:08,BRAHMI,PERSONNEL PROFILE
2026-05-22 05:27:09,VIKAS_KHANNA,PERSONNEL PROFILE
2026-05-22 05:27:25,BRAHMI,PERSONNEL PROFILE
2026-05-22 05:27:36,VIRAT_KOHLI,PERSONNEL PROFILE
2026-05-22 05:27:40,BRAHMI,PERSONNEL PROFILE
2026-05-22 05:27:50,VIKAS_KHANNA,PERSONNEL PROFILE
2026-05-22 05:27:53,BRAHMI,PERSONNEL PROFILE
2026-05-22 05:28:01,VIRAT_KOHLI,PERSONNEL PROFILE
2026-05-22 05:28:04,VIKAS_KHANNA,PERSONNEL PROFILE
2026-05-22 05:28:06,SUNDAR_PICHAI,PERSONNEL PROFILE
2026-05-22 05:28:31,SAILAJA,PERSONNEL PROFILE
2026-05-22 05:28:32,VIRAT_KOHLI,PERSONNEL PROFILE
2026-05-22 05:28:38,VIKAS_KHANNA,PERSONNEL PROFILE
2026-05-22 05:28:39,BRAHMI,PERSONNEL PROFILE
2026-05-22 05:28:43,SUNDAR_PICHAI,PERSONNEL PROFILE
2026-05-22 05:28:45,VIRAT_KOHLI,PERSONNEL PROFILE
2026-05-22 05:28:48,SAILAJA,PERSONNEL PROFILE
2026-05-22 05:28:56,BRAHMI,PERSONNEL PROFILE
2026-05-22 05:29:00,VIKAS_KHANNA,PERSONNEL PROFILE
2026-05-22 05:29:02,VIRAT_KOHLI,PERSONNEL PROFILE
2026-05-22 05:29:15,VIKAS_KHANNA,PERSONNEL PROFILE
2026-05-22 05:29:20,BRAHMI,PERSONNEL PROFILE
2026-05-22 05:29:24,VIRAT_KOHLI,PERSONNEL PROFILE
2026-05-22 05:29:44,VIRAT_KOHLI,PERSONNEL PROFILE
2026-05-22 05:29:46,VIKAS_KHANNA,PERSONNEL PROFILE
2026-05-22 05:29:47,SUNDAR_PICHAI,PERSONNEL PROFILE
2026-05-22 05:29:52,BRAHMI,PERSONNEL PROFILE
2026-05-22 05:29:59,VIKAS_KHANNA,PERSONNEL PROFILE
2026-05-22 05:30:12,VIKAS_KHANNA,PERSONNEL PROFILE
2026-05-22 05:32:39,VIRAT_KOHLI,PERSONNEL PROFILE
2026-05-22 05:32:42,BRAHMI,PERSONNEL PROFILE
2026-05-22 05:32:43,VIKAS_KHANNA,PERSONNEL PROFILE
2026-05-22 05:32:48,VIRAT_KOHLI,PERSONNEL PROFILE
2026-05-22 05:32:55,VIKAS_KHANNA,PERSONNEL PROFILE
2026-05-22 05:33:02,BRAHMI,PERSONNEL PROFILE
2026-05-22 05:33:18,BRAHMI,PERSONNEL PROFILE
2026-05-22 05:33:23,SUNDAR_PICHAI,PERSONNEL PROFILE
2026-05-22 05:33:30,VIRAT_KOHLI,PERSONNEL PROFILE
2026-05-22 05:33:36,BRAHMI,PERSONNEL PROFILE
2026-05-22 05:33:40,SUNDAR_PICHAI,PERSONNEL PROFILE
2026-05-22 05:33:44,VIKAS_KHANNA,PERSONNEL PROFILE
2026-05-22 05:33:48,BRAHMI,PERSONNEL PROFILE
2026-05-22 05:33:57,VIRAT_KOHLI,PERSONNEL PROFILE
2026-05-22 05:33:59,VIKAS_KHANNA,PERSONNEL PROFILE
2026-05-22 05:34:03,BRAHMI,PERSONNEL PROFILE
2026-05-22 05:34:04,SUNDAR_PICHAI,PERSONNEL PROFILE
2026-05-22 05:34:10,VIKAS_KHANNA,PERSONNEL PROFILE
2026-05-22 05:34:12,VIRAT_KOHLI,PERSONNEL PROFILE
2026-05-22 05:34:16,BRAHMI,PERSONNEL PROFILE
2026-05-22 05:34:26,VIKAS_KHANNA,PERSONNEL PROFILE
2026-05-22 05:34:29,BRAHMI,PERSONNEL PROFILE
2026-05-22 05:34:39,VIKAS_KHANNA,PERSONNEL PROFILE
2026-05-22 05:34:45,BRAHMI,PERSONNEL PROFILE
2026-05-22 07:59:55,BRAHMI,PERSONNEL PROFILE
2026-05-22 07:59:59,BRAHMI,PERSONNEL PROFILE
2026-05-22 08:00:01,SAILAJA,PERSONNEL PROFILE
2026-05-22 08:00:11,BRAHMI,PERSONNEL PROFILE
2026-05-22 08:00:13,SAILAJA,PERSONNEL PROFILE
2026-05-22 08:00:25,SAILAJA,PERSONNEL PROFILE
2026-05-22 08:00:32,BRAHMI,PERSONNEL PROFILE
2026-05-22 08:00:43,SAILAJA,PERSONNEL PROFILE
2026-05-22 08:00:45,BRAHMI,PERSONNEL PROFILE
2026-05-22 08:00:55,SAILAJA,PERSONNEL PROFILE
2026-05-22 08:00:57,BRAHMI,PERSONNEL PROFILE
2026-05-22 08:01:10,BRAHMI,PERSONNEL PROFILE
2026-05-22 08:01:23,SAILAJA,PERSONNEL PROFILE
2026-05-22 08:01:35,BRAHMI,PERSONNEL PROFILE
2026-05-22 08:01:42,SAILAJA,PERSONNEL PROFILE
2026-05-22 08:01:51,BRAHMI,PERSONNEL PROFILE
2026-05-23 02:22:23,UNKNOWN VISITOR,PERSONNEL PROFILE
2026-05-23 02:22:27,UNKNOWN VISITOR,PERSONNEL PROFILE
2026-05-23 02:22:38,UNKNOWN VISITOR,PERSONNEL PROFILE
2026-05-23 02:22:45,BRAHMI,PERSONNEL PROFILE
2026-05-23 02:22:51,UNKNOWN VISITOR,PERSONNEL PROFILE
2026-05-23 02:22:59,BRAHMI,PERSONNEL PROFILE
2026-05-23 02:23:05,UNKNOWN VISITOR,PERSONNEL PROFILE
2026-05-23 02:23:11,BRAHMI,PERSONNEL PROFILE
2026-05-23 02:23:17,UNKNOWN VISITOR,PERSONNEL PROFILE
2026-05-23 02:23:30,UNKNOWN VISITOR,PERSONNEL PROFILE
2026-05-23 02:28:06,UNKNOWN VISITOR,PERSONNEL PROFILE
2026-05-23 02:28:08,UNKNOWN VISITOR,PERSONNEL PROFILE
2026-05-23 02:28:19,UNKNOWN VISITOR,PERSONNEL PROFILE
2026-05-23 02:28:21,SAILAJA,PERSONNEL PROFILE
2026-05-23 02:28:31,UNKNOWN VISITOR,PERSONNEL PROFILE
2026-05-23 02:28:44,UNKNOWN VISITOR,PERSONNEL PROFILE
2026-05-23 02:28:56,UNKNOWN VISITOR,PERSONNEL PROFILE
2026-05-23 02:29:09,UNKNOWN VISITOR,PERSONNEL PROFILE
2026-05-23 02:29:21,UNKNOWN VISITOR,PERSONNEL PROFILE
2026-05-23 02:29:30,BRAHMI,PERSONNEL PROFILE
2026-05-23 02:29:36,UNKNOWN VISITOR,PERSONNEL PROFILE
2026-05-23 02:29:43,BRAHMI,PERSONNEL PROFILE
2026-05-23 02:29:48,UNKNOWN VISITOR,PERSONNEL PROFILE
2026-05-23 02:30:28,UNKNOWN VISITOR,PERSONNEL PROFILE
2026-05-23 02:33:15,UNKNOWN VISITOR,PERSONNEL PROFILE
2026-05-23 02:33:17,UNKNOWN VISITOR,PERSONNEL PROFILE
2026-05-23 02:33:29,UNKNOWN VISITOR,PERSONNEL PROFILE
2026-05-23 02:33:42,UNKNOWN VISITOR,PERSONNEL PROFILE
2026-05-23 02:35:28,BRAHMI,PERSONNEL PROFILE
2026-05-23 02:35:30,UNKNOWN VISITOR,PERSONNEL PROFILE
2026-05-23 02:35:38,BRAHMI,PERSONNEL PROFILE
2026-05-23 02:35:41,UNKNOWN VISITOR,PERSONNEL PROFILE
2026-05-23 02:35:54,BRAHMI,PERSONNEL PROFILE
2026-05-23 02:35:57,UNKNOWN VISITOR,PERSONNEL PROFILE
2026-05-23 02:36:10,UNKNOWN VISITOR,PERSONNEL PROFILE
2026-05-23 02:36:12,SAILAJA,PERSONNEL PROFILE
2026-05-23 02:36:23,UNKNOWN VISITOR,PERSONNEL PROFILE
2026-05-23 02:36:24,BRAHMI,PERSONNEL PROFILE
2026-05-23 02:36:35,UNKNOWN VISITOR,PERSONNEL PROFILE
2026-05-23 02:36:41,SAILAJA,PERSONNEL PROFILE
2026-05-23 02:36:50,BRAHMI,PERSONNEL PROFILE
2026-05-23 02:36:52,UNKNOWN VISITOR,PERSONNEL PROFILE
2026-05-23 02:36:53,SAILAJA,PERSONNEL PROFILE
2026-05-23 02:37:03,BRAHMI,PERSONNEL PROFILE
2026-05-23 02:37:05,UNKNOWN VISITOR,PERSONNEL PROFILE
2026-05-23 02:37:06,SAILAJA,PERSONNEL PROFILE
2026-05-23 02:37:18,UNKNOWN VISITOR,PERSONNEL PROFILE
2026-05-23 02:37:20,SAILAJA,PERSONNEL PROFILE
2026-05-23 02:37:33,BRAHMI,PERSONNEL PROFILE
2026-05-23 02:37:34,UNKNOWN VISITOR,PERSONNEL PROFILE
2026-05-23 02:37:35,SAILAJA,PERSONNEL PROFILE
2026-05-23 02:37:48,UNKNOWN VISITOR,PERSONNEL PROFILE
2026-05-23 02:37:50,BRAHMI,PERSONNEL PROFILE
2026-05-23 02:37:52,SAILAJA,PERSONNEL PROFILE
2026-05-23 02:38:00,UNKNOWN VISITOR,PERSONNEL PROFILE
2026-05-23 02:38:13,UNKNOWN VISITOR,PERSONNEL PROFILE
2026-05-23 02:40:18,BRAHMI,PERSONNEL PROFILE
2026-05-23 02:40:24,UNKNOWN VISITOR,PERSONNEL PROFILE
2026-05-23 02:40:32,UNKNOWN VISITOR,PERSONNEL PROFILE
2026-05-23 02:40:39,BRAHMI,PERSONNEL PROFILE
2026-05-23 02:40:45,UNKNOWN VISITOR,PERSONNEL PROFILE
2026-05-23 02:40:52,BRAHMI,PERSONNEL PROFILE
2026-05-23 02:41:05,BRAHMI,PERSONNEL PROFILE
2026-05-23 02:41:10,UNKNOWN VISITOR,PERSONNEL PROFILE
2026-05-23 02:41:23,UNKNOWN VISITOR,PERSONNEL PROFILE
2026-05-23 02:41:24,BRAHMI,PERSONNEL PROFILE
2026-05-23 02:41:37,UNKNOWN VISITOR,PERSONNEL PROFILE
2026-05-23 02:41:50,UNKNOWN VISITOR,PERSONNEL PROFILE
2026-05-23 02:41:54,BRAHMI,PERSONNEL PROFILE
2026-05-23 02:42:03,UNKNOWN VISITOR,PERSONNEL PROFILE
2026-05-23 02:42:10,BRAHMI,PERSONNEL PROFILE
2026-05-23 02:42:16,UNKNOWN VISITOR,PERSONNEL PROFILE
2026-05-23 02:42:28,UNKNOWN VISITOR,PERSONNEL PROFILE
2026-05-23 02:42:30,BRAHMI,PERSONNEL PROFILE
2026-05-23 02:42:42,BRAHMI,PERSONNEL PROFILE
2026-05-23 02:42:50,UNKNOWN VISITOR,PERSONNEL PROFILE
2026-05-23 02:42:55,BRAHMI,PERSONNEL PROFILE
2026-05-23 02:43:04,UNKNOWN VISITOR,PERSONNEL PROFILE
2026-05-23 02:43:13,BRAHMI,PERSONNEL PROFILE
2026-05-23 02:43:17,UNKNOWN VISITOR,PERSONNEL PROFILE
2026-05-23 02:43:28,BRAHMI,PERSONNEL PROFILE
2026-05-23 02:43:33,UNKNOWN VISITOR,PERSONNEL PROFILE
2026-05-23 02:43:41,BRAHMI,PERSONNEL PROFILE
2026-05-23 02:43:46,UNKNOWN VISITOR,PERSONNEL PROFILE
2026-05-23 02:43:58,UNKNOWN VISITOR,PERSONNEL PROFILE
2026-05-23 02:44:03,BRAHMI,PERSONNEL PROFILE
2026-05-23 02:44:14,UNKNOWN VISITOR,PERSONNEL PROFILE
2026-05-23 02:44:20,BRAHMI,PERSONNEL PROFILE
2026-05-23 02:44:26,UNKNOWN VISITOR,PERSONNEL PROFILE
2026-05-23 02:44:36,BRAHMI,PERSONNEL PROFILE
2026-05-23 02:44:48,BRAHMI,PERSONNEL PROFILE
2026-05-23 02:44:49,UNKNOWN VISITOR,PERSONNEL PROFILE
2026-05-23 02:45:02,UNKNOWN VISITOR,PERSONNEL PROFILE
2026-05-23 02:45:15,UNKNOWN VISITOR,PERSONNEL PROFILE
2026-05-23 02:45:18,BRAHMI,PERSONNEL PROFILE
2026-05-23 02:45:31,SAILAJA,PERSONNEL PROFILE
2026-05-23 02:45:33,BRAHMI,PERSONNEL PROFILE
2026-05-23 02:45:34,UNKNOWN VISITOR,PERSONNEL PROFILE
2026-05-23 02:45:45,BRAHMI,PERSONNEL PROFILE
2026-05-23 02:45:46,UNKNOWN VISITOR,PERSONNEL PROFILE
2026-05-23 02:45:57,UNKNOWN VISITOR,PERSONNEL PROFILE
2026-05-23 02:45:58,BRAHMI,PERSONNEL PROFILE
2026-05-23 02:46:09,BRAHMI,PERSONNEL PROFILE
2026-05-23 02:46:17,UNKNOWN VISITOR,PERSONNEL PROFILE
2026-05-23 02:46:22,BRAHMI,PERSONNEL PROFILE
2026-05-23 02:46:29,UNKNOWN VISITOR,PERSONNEL PROFILE
2026-05-23 02:46:42,UNKNOWN VISITOR,PERSONNEL PROFILE
2026-05-23 02:46:46,BRAHMI,PERSONNEL PROFILE
2026-05-23 02:46:55,UNKNOWN VISITOR,PERSONNEL PROFILE
2026-05-23 02:46:58,BRAHMI,PERSONNEL PROFILE
2026-05-23 02:47:07,UNKNOWN VISITOR,PERSONNEL PROFILE
2026-05-23 02:47:12,BRAHMI,PERSONNEL PROFILE
2026-05-23 02:47:25,BRAHMI,PERSONNEL PROFILE
2026-05-23 02:47:37,BRAHMI,PERSONNEL PROFILE
2026-05-23 02:47:39,UNKNOWN VISITOR,PERSONNEL PROFILE
2026-05-23 02:47:51,BRAHMI,PERSONNEL PROFILE
2026-05-23 02:47:54,UNKNOWN VISITOR,PERSONNEL PROFILE
2026-05-23 02:48:06,UNKNOWN VISITOR,PERSONNEL PROFILE
2026-05-23 02:48:12,BRAHMI,PERSONNEL PROFILE
2026-05-23 02:48:17,UNKNOWN VISITOR,PERSONNEL PROFILE
2026-05-23 02:48:29,BRAHMI,PERSONNEL PROFILE
2026-05-23 02:48:30,UNKNOWN VISITOR,PERSONNEL PROFILE
2026-05-23 02:48:42,UNKNOWN VISITOR,PERSONNEL PROFILE
2026-05-23 02:48:45,BRAHMI,PERSONNEL PROFILE
2026-05-23 02:48:56,UNKNOWN VISITOR,PERSONNEL PROFILE
2026-05-23 02:48:58,BRAHMI,PERSONNEL PROFILE
2026-05-23 02:49:08,UNKNOWN VISITOR,PERSONNEL PROFILE
2026-05-23 02:49:18,BRAHMI,PERSONNEL PROFILE
2026-05-23 02:49:24,UNKNOWN VISITOR,PERSONNEL PROFILE
2026-05-23 02:49:32,BRAHMI,PERSONNEL PROFILE
2026-05-23 02:49:37,UNKNOWN VISITOR,PERSONNEL PROFILE
2026-05-23 02:49:44,BRAHMI,PERSONNEL PROFILE
2026-05-23 02:49:52,UNKNOWN VISITOR,PERSONNEL PROFILE
2026-05-23 02:50:05,UNKNOWN VISITOR,PERSONNEL PROFILE
2026-05-23 02:50:14,BRAHMI,PERSONNEL PROFILE
2026-05-23 02:50:18,UNKNOWN VISITOR,PERSONNEL PROFILE
2026-05-23 02:50:31,BRAHMI,PERSONNEL PROFILE
2026-05-23 02:50:40,UNKNOWN VISITOR,PERSONNEL PROFILE
2026-05-23 02:50:52,UNKNOWN VISITOR,PERSONNEL PROFILE
2026-05-23 02:50:58,BRAHMI,PERSONNEL PROFILE
2026-05-23 02:51:09,BRAHMI,PERSONNEL PROFILE
2026-05-23 02:51:17,UNKNOWN VISITOR,PERSONNEL PROFILE
2026-05-23 02:51:29,UNKNOWN VISITOR,PERSONNEL PROFILE
2026-05-23 02:51:41,UNKNOWN VISITOR,PERSONNEL PROFILE
2026-05-23 02:51:51,BRAHMI,PERSONNEL PROFILE
2026-05-23 02:51:54,UNKNOWN VISITOR,PERSONNEL PROFILE
2026-05-23 02:52:05,BRAHMI,PERSONNEL PROFILE
2026-05-23 02:52:07,UNKNOWN VISITOR,PERSONNEL PROFILE
2026-05-23 02:52:20,UNKNOWN VISITOR,PERSONNEL PROFILE
2026-05-23 02:52:32,UNKNOWN VISITOR,PERSONNEL PROFILE
2026-05-23 02:52:36,SAILAJA,PERSONNEL PROFILE
2026-05-23 02:52:45,UNKNOWN VISITOR,PERSONNEL PROFILE
2026-05-23 02:52:51,SAILAJA,PERSONNEL PROFILE
2026-05-23 02:53:01,UNKNOWN VISITOR,PERSONNEL PROFILE
2026-05-23 02:53:04,SAILAJA,PERSONNEL PROFILE
2026-05-23 02:53:14,UNKNOWN VISITOR,PERSONNEL PROFILE
2026-05-23 02:53:24,BRAHMI,PERSONNEL PROFILE
2026-05-23 02:53:27,UNKNOWN VISITOR,PERSONNEL PROFILE
2026-05-23 02:53:49,UNKNOWN VISITOR,PERSONNEL PROFILE
2026-05-23 02:54:02,UNKNOWN VISITOR,PERSONNEL PROFILE
2026-05-23 02:54:15,UNKNOWN VISITOR,PERSONNEL PROFILE
2026-05-23 02:54:27,UNKNOWN VISITOR,PERSONNEL PROFILE
2026-05-23 02:54:41,UNKNOWN VISITOR,PERSONNEL PROFILE
2026-05-23 02:54:53,UNKNOWN VISITOR,PERSONNEL PROFILE
2026-05-23 02:55:05,UNKNOWN VISITOR,PERSONNEL PROFILE
2026-05-23 02:55:19,UNKNOWN VISITOR,PERSONNEL PROFILE
2026-05-23 02:55:31,UNKNOWN VISITOR,PERSONNEL PROFILE
2026-05-23 02:55:44,UNKNOWN VISITOR,PERSONNEL PROFILE
2026-05-23 02:55:56,UNKNOWN VISITOR,PERSONNEL PROFILE
2026-05-23 02:55:58,BRAHMI,PERSONNEL PROFILE
2026-05-23 02:56:09,UNKNOWN VISITOR,PERSONNEL PROFILE
2026-05-23 02:56:17,BRAHMI,PERSONNEL PROFILE
2026-05-23 02:56:21,UNKNOWN VISITOR,PERSONNEL PROFILE
2026-05-23 02:56:37,BRAHMI,PERSONNEL PROFILE
2026-05-23 02:56:40,UNKNOWN VISITOR,PERSONNEL PROFILE
2026-05-23 02:56:49,BRAHMI,PERSONNEL PROFILE
2026-05-23 02:57:02,BRAHMI,PERSONNEL PROFILE
2026-05-23 02:57:04,UNKNOWN VISITOR,PERSONNEL PROFILE
2026-05-23 02:57:14,BRAHMI,PERSONNEL PROFILE
2026-05-23 02:57:26,BRAHMI,PERSONNEL PROFILE
2026-05-23 02:57:29,UNKNOWN VISITOR,PERSONNEL PROFILE
2026-05-23 02:57:42,UNKNOWN VISITOR,PERSONNEL PROFILE
2026-05-23 02:57:52,BRAHMI,PERSONNEL PROFILE
2026-05-23 02:57:55,UNKNOWN VISITOR,PERSONNEL PROFILE
2026-05-23 02:58:08,UNKNOWN VISITOR,PERSONNEL PROFILE
2026-05-23 02:58:12,BRAHMI,PERSONNEL PROFILE
2026-05-23 02:58:19,UNKNOWN VISITOR,PERSONNEL PROFILE
2026-05-23 02:58:25,BRAHMI,PERSONNEL PROFILE
2026-05-23 02:58:31,UNKNOWN VISITOR,PERSONNEL PROFILE
2026-05-23 02:58:45,UNKNOWN VISITOR,PERSONNEL PROFILE
2026-05-23 02:58:47,BRAHMI,PERSONNEL PROFILE
2026-05-23 02:58:57,UNKNOWN VISITOR,PERSONNEL PROFILE
2026-05-23 02:59:10,UNKNOWN VISITOR,PERSONNEL PROFILE
2026-05-23 02:59:11,BRAHMI,PERSONNEL PROFILE
2026-05-23 02:59:23,UNKNOWN VISITOR,PERSONNEL PROFILE
2026-05-23 02:59:24,BRAHMI,PERSONNEL PROFILE
2026-05-23 02:59:36,UNKNOWN VISITOR,PERSONNEL PROFILE
2026-05-23 02:59:43,BRAHMI,PERSONNEL PROFILE
2026-05-23 02:59:48,UNKNOWN VISITOR,PERSONNEL PROFILE
2026-05-23 03:00:01,UNKNOWN VISITOR,PERSONNEL PROFILE
2026-05-23 03:00:14,UNKNOWN VISITOR,PERSONNEL PROFILE
2026-05-23 03:00:26,UNKNOWN VISITOR,PERSONNEL PROFILE
2026-05-23 03:00:39,UNKNOWN VISITOR,PERSONNEL PROFILE
2026-05-23 03:00:51,UNKNOWN VISITOR,PERSONNEL PROFILE
2026-05-23 03:01:04,UNKNOWN VISITOR,PERSONNEL PROFILE
2026-05-23 03:01:17,UNKNOWN VISITOR,PERSONNEL PROFILE
2026-05-23 03:01:30,UNKNOWN VISITOR,PERSONNEL PROFILE
2026-05-23 03:01:42,UNKNOWN VISITOR,PERSONNEL PROFILE
2026-05-23 03:01:55,UNKNOWN VISITOR,PERSONNEL PROFILE
2026-05-23 03:01:58,BRAHMI,PERSONNEL PROFILE
2026-05-23 03:02:07,UNKNOWN VISITOR,PERSONNEL PROFILE
2026-05-23 03:02:20,UNKNOWN VISITOR,PERSONNEL PROFILE
2026-05-23 03:02:25,SAILAJA,PERSONNEL PROFILE
2026-05-23 03:02:33,UNKNOWN VISITOR,PERSONNEL PROFILE
2026-05-23 03:02:46,BRAHMI,PERSONNEL PROFILE
2026-05-23 03:02:47,UNKNOWN VISITOR,PERSONNEL PROFILE
2026-05-23 03:03:00,UNKNOWN VISITOR,PERSONNEL PROFILE
2026-05-23 03:03:12,UNKNOWN VISITOR,PERSONNEL PROFILE
2026-05-23 03:03:25,UNKNOWN VISITOR,PERSONNEL PROFILE
2026-05-23 03:03:38,UNKNOWN VISITOR,PERSONNEL PROFILE
2026-05-23 03:03:51,UNKNOWN VISITOR,PERSONNEL PROFILE
2026-05-23 03:04:00,BRAHMI,PERSONNEL PROFILE
2026-05-23 03:04:04,UNKNOWN VISITOR,PERSONNEL PROFILE
2026-05-23 03:04:17,UNKNOWN VISITOR,PERSONNEL PROFILE
2026-05-23 03:04:30,UNKNOWN VISITOR,PERSONNEL PROFILE
2026-05-23 03:04:31,BRAHMI,PERSONNEL PROFILE
2026-05-23 03:04:44,BRAHMI,PERSONNEL PROFILE
2026-05-23 03:04:45,UNKNOWN VISITOR,PERSONNEL PROFILE
2026-05-23 03:04:58,BRAHMI,PERSONNEL PROFILE
2026-05-23 03:05:00,UNKNOWN VISITOR,PERSONNEL PROFILE
2026-05-23 03:05:13,UNKNOWN VISITOR,PERSONNEL PROFILE
2026-05-23 03:05:24,BRAHMI,PERSONNEL PROFILE
2026-05-23 03:05:26,UNKNOWN VISITOR,PERSONNEL PROFILE
2026-05-23 03:05:39,UNKNOWN VISITOR,PERSONNEL PROFILE
2026-05-23 03:05:45,BRAHMI,PERSONNEL PROFILE
2026-05-23 03:05:52,UNKNOWN VISITOR,PERSONNEL PROFILE
2026-05-23 03:06:05,BRAHMI,PERSONNEL PROFILE
2026-05-23 03:06:06,UNKNOWN VISITOR,PERSONNEL PROFILE
2026-05-23 03:06:19,UNKNOWN VISITOR,PERSONNEL PROFILE
2026-05-23 03:06:32,UNKNOWN VISITOR,PERSONNEL PROFILE
2026-05-23 03:06:42,BRAHMI,PERSONNEL PROFILE
2026-05-23 03:06:46,UNKNOWN VISITOR,PERSONNEL PROFILE
2026-05-23 03:06:57,UNKNOWN VISITOR,PERSONNEL PROFILE
2026-05-23 03:07:10,UNKNOWN VISITOR,PERSONNEL PROFILE
2026-05-23 03:07:23,UNKNOWN VISITOR,PERSONNEL PROFILE
2026-05-23 03:07:35,UNKNOWN VISITOR,PERSONNEL PROFILE
2026-05-23 03:07:47,UNKNOWN VISITOR,PERSONNEL PROFILE
2026-05-23 03:08:00,UNKNOWN VISITOR,PERSONNEL PROFILE
2026-05-23 03:08:12,UNKNOWN VISITOR,PERSONNEL PROFILE
2026-05-23 03:08:25,UNKNOWN VISITOR,PERSONNEL PROFILE
2026-05-23 03:08:38,UNKNOWN VISITOR,PERSONNEL PROFILE
2026-05-23 03:08:52,UNKNOWN VISITOR,PERSONNEL PROFILE
2026-05-23 03:08:55,BRAHMI,PERSONNEL PROFILE
2026-05-23 03:09:05,UNKNOWN VISITOR,PERSONNEL PROFILE
2026-05-23 03:09:18,UNKNOWN VISITOR,PERSONNEL PROFILE
2026-05-23 03:09:31,BRAHMI,PERSONNEL PROFILE
2026-05-23 03:09:35,UNKNOWN VISITOR,PERSONNEL PROFILE
2026-05-23 03:09:44,BRAHMI,PERSONNEL PROFILE
2026-05-23 03:09:48,UNKNOWN VISITOR,PERSONNEL PROFILE
2026-05-23 03:09:58,BRAHMI,PERSONNEL PROFILE
2026-05-23 03:10:03,UNKNOWN VISITOR,PERSONNEL PROFILE
2026-05-23 03:10:12,BRAHMI,PERSONNEL PROFILE
2026-05-23 03:10:16,UNKNOWN VISITOR,PERSONNEL PROFILE
2026-05-23 03:10:28,UNKNOWN VISITOR,PERSONNEL PROFILE
2026-05-23 03:10:31,BRAHMI,PERSONNEL PROFILE
2026-05-23 03:10:41,UNKNOWN VISITOR,PERSONNEL PROFILE
2026-05-23 03:10:44,BRAHMI,PERSONNEL PROFILE
2026-05-23 03:10:57,UNKNOWN VISITOR,PERSONNEL PROFILE
2026-05-23 03:11:04,BRAHMI,PERSONNEL PROFILE
2026-05-23 03:11:09,UNKNOWN VISITOR,PERSONNEL PROFILE
2026-05-23 03:11:16,BRAHMI,PERSONNEL PROFILE
2026-05-23 03:11:21,UNKNOWN VISITOR,PERSONNEL PROFILE
2026-05-23 03:11:34,UNKNOWN VISITOR,PERSONNEL PROFILE
2026-05-23 03:11:38,BRAHMI,PERSONNEL PROFILE
2026-05-23 03:11:51,UNKNOWN VISITOR,PERSONNEL PROFILE
2026-05-23 03:12:05,BRAHMI,PERSONNEL PROFILE
2026-05-23 03:12:06,UNKNOWN VISITOR,PERSONNEL PROFILE
2026-05-23 03:12:18,BRAHMI,PERSONNEL PROFILE
2026-05-23 03:12:26,UNKNOWN VISITOR,PERSONNEL PROFILE
2026-05-23 03:12:31,BRAHMI,PERSONNEL PROFILE
2026-05-23 03:12:37,UNKNOWN VISITOR,PERSONNEL PROFILE
2026-05-23 03:12:43,BRAHMI,PERSONNEL PROFILE
2026-05-23 03:13:03,BRAHMI,PERSONNEL PROFILE
2026-05-23 03:13:10,UNKNOWN VISITOR,PERSONNEL PROFILE
2026-05-23 03:13:23,UNKNOWN VISITOR,PERSONNEL PROFILE
2026-05-23 03:13:38,UNKNOWN VISITOR,PERSONNEL PROFILE
2026-05-23 03:13:40,BRAHMI,PERSONNEL PROFILE
2026-05-23 03:13:50,UNKNOWN VISITOR,PERSONNEL PROFILE
2026-05-23 03:13:54,BRAHMI,PERSONNEL PROFILE
2026-05-23 03:14:03,UNKNOWN VISITOR,PERSONNEL PROFILE
2026-05-23 03:14:05,BRAHMI,PERSONNEL PROFILE
2026-05-23 03:14:14,UNKNOWN VISITOR,PERSONNEL PROFILE
2026-05-23 03:14:18,BRAHMI,PERSONNEL PROFILE
2026-05-23 03:14:29,UNKNOWN VISITOR,PERSONNEL PROFILE
2026-05-23 03:14:31,BRAHMI,PERSONNEL PROFILE
2026-05-23 03:14:39,UNKNOWN VISITOR,PERSONNEL PROFILE
2026-05-23 03:14:47,BRAHMI,PERSONNEL PROFILE
2026-05-23 03:15:00,BRAHMI,PERSONNEL PROFILE
2026-05-23 03:15:36,UNKNOWN VISITOR,PERSONNEL PROFILE
2026-05-23 03:15:38,BRAHMI,PERSONNEL PROFILE
2026-05-23 03:15:49,UNKNOWN VISITOR,PERSONNEL PROFILE
2026-05-23 03:16:02,UNKNOWN VISITOR,PERSONNEL PROFILE
2026-05-23 03:16:10,BRAHMI,PERSONNEL PROFILE
2026-05-23 03:16:17,UNKNOWN VISITOR,PERSONNEL PROFILE
2026-05-23 03:16:29,UNKNOWN VISITOR,PERSONNEL PROFILE
2026-05-23 03:16:47,UNKNOWN VISITOR,PERSONNEL PROFILE
2026-05-23 03:16:53,UNKNOWN VISITOR,PERSONNEL PROFILE
2026-05-23 03:17:07,UNKNOWN VISITOR,PERSONNEL PROFILE
2026-05-23 03:17:20,UNKNOWN VISITOR,PERSONNEL PROFILE
2026-05-23 03:17:34,UNKNOWN VISITOR,PERSONNEL PROFILE
2026-05-23 03:17:48,UNKNOWN VISITOR,PERSONNEL PROFILE
2026-05-23 03:17:58,BRAHMI,PERSONNEL PROFILE
2026-05-23 03:18:00,UNKNOWN VISITOR,PERSONNEL PROFILE
2026-05-23 03:18:13,UNKNOWN VISITOR,PERSONNEL PROFILE
2026-05-23 03:18:25,UNKNOWN VISITOR,PERSONNEL PROFILE
2026-05-23 03:18:30,BRAHMI,PERSONNEL PROFILE
2026-05-23 03:18:40,UNKNOWN VISITOR,PERSONNEL PROFILE
2026-05-23 03:18:52,UNKNOWN VISITOR,PERSONNEL PROFILE
2026-05-23 03:19:05,UNKNOWN VISITOR,PERSONNEL PROFILE
2026-05-23 03:19:18,BRAHMI,PERSONNEL PROFILE
2026-05-23 03:19:20,UNKNOWN VISITOR,PERSONNEL PROFILE
2026-05-23 03:19:31,SAILAJA,PERSONNEL PROFILE
2026-05-23 03:19:37,UNKNOWN VISITOR,PERSONNEL PROFILE
2026-05-23 03:20:00,UNKNOWN VISITOR,PERSONNEL PROFILE
2026-05-23 03:20:14,UNKNOWN VISITOR,PERSONNEL PROFILE
2026-05-23 03:20:27,UNKNOWN VISITOR,PERSONNEL PROFILE
2026-05-23 03:20:41,UNKNOWN VISITOR,PERSONNEL PROFILE
2026-05-23 03:20:53,BRAHMI,PERSONNEL PROFILE
2026-05-23 03:20:55,UNKNOWN VISITOR,PERSONNEL PROFILE
2026-05-23 03:21:08,BRAHMI,PERSONNEL PROFILE
2026-05-23 03:21:15,UNKNOWN VISITOR,PERSONNEL PROFILE
2026-05-23 03:21:28,BRAHMI,PERSONNEL PROFILE
2026-05-23 03:21:29,UNKNOWN VISITOR,PERSONNEL PROFILE
2026-05-23 03:21:42,UNKNOWN VISITOR,PERSONNEL PROFILE
2026-05-23 03:23:37,UNKNOWN VISITOR,PERSONNEL PROFILE
2026-05-23 03:23:55,UNKNOWN VISITOR,PERSONNEL PROFILE
2026-05-23 03:24:10,UNKNOWN VISITOR,PERSONNEL PROFILE
2026-05-23 03:24:22,UNKNOWN VISITOR,PERSONNEL PROFILE
2026-05-23 03:24:30,BRAHMI,PERSONNEL PROFILE
2026-05-23 03:24:36,UNKNOWN VISITOR,PERSONNEL PROFILE
2026-05-23 03:24:45,BRAHMI,PERSONNEL PROFILE
2026-05-23 03:24:48,UNKNOWN VISITOR,PERSONNEL PROFILE
2026-05-23 03:25:01,UNKNOWN VISITOR,PERSONNEL PROFILE
2026-05-23 03:25:14,UNKNOWN VISITOR,PERSONNEL PROFILE
2026-05-23 03:25:27,UNKNOWN VISITOR,PERSONNEL PROFILE
2026-05-23 03:25:40,UNKNOWN VISITOR,PERSONNEL PROFILE
2026-05-23 03:25:49,BRAHMI,PERSONNEL PROFILE
2026-05-23 03:25:54,UNKNOWN VISITOR,PERSONNEL PROFILE
2026-05-23 03:25:59,SAILAJA,PERSONNEL PROFILE
2026-05-23 03:26:03,BRAHMI,PERSONNEL PROFILE
2026-05-23 03:26:06,UNKNOWN VISITOR,PERSONNEL PROFILE
2026-05-23 03:26:19,UNKNOWN VISITOR,PERSONNEL PROFILE
2026-05-23 03:26:21,BRAHMI,PERSONNEL PROFILE
2026-05-23 03:26:32,UNKNOWN VISITOR,PERSONNEL PROFILE
2026-05-23 03:26:46,BRAHMI,PERSONNEL PROFILE
2026-05-23 03:26:50,UNKNOWN VISITOR,PERSONNEL PROFILE
2026-05-23 03:26:59,BRAHMI,PERSONNEL PROFILE
2026-05-23 03:27:02,UNKNOWN VISITOR,PERSONNEL PROFILE
2026-05-23 03:27:34,UNKNOWN VISITOR,PERSONNEL PROFILE
2026-05-23 03:27:37,UNKNOWN VISITOR,PERSONNEL PROFILE
2026-05-23 03:27:38,BRAHMI,PERSONNEL PROFILE
2026-05-23 03:27:50,UNKNOWN VISITOR,PERSONNEL PROFILE
2026-05-23 03:27:56,BRAHMI,PERSONNEL PROFILE
2026-05-23 03:28:16,UNKNOWN VISITOR,PERSONNEL PROFILE
2026-05-23 03:28:24,BRAHMI,PERSONNEL PROFILE
2026-05-23 03:28:34,UNKNOWN VISITOR,PERSONNEL PROFILE
2026-05-23 03:34:08,UNKNOWN VISITOR,PERSONNEL PROFILE
2026-05-23 03:34:11,UNKNOWN VISITOR,PERSONNEL PROFILE
2026-05-23 03:34:22,UNKNOWN VISITOR,PERSONNEL PROFILE
2026-05-23 03:34:35,UNKNOWN VISITOR,PERSONNEL PROFILE
2026-05-23 03:34:47,UNKNOWN VISITOR,PERSONNEL PROFILE
2026-05-23 03:34:57,BRAHMI,PERSONNEL PROFILE
2026-05-23 03:35:00,UNKNOWN VISITOR,PERSONNEL PROFILE
2026-05-23 03:35:13,UNKNOWN VISITOR,PERSONNEL PROFILE
2026-05-23 03:35:25,UNKNOWN VISITOR,PERSONNEL PROFILE
2026-05-23 03:35:29,BRAHMI,PERSONNEL PROFILE
2026-05-23 03:35:37,UNKNOWN VISITOR,PERSONNEL PROFILE
2026-05-23 05:36:41,UNKNOWN VISITOR,PERSONNEL PROFILE
2026-05-23 05:36:41,UNKNOWN VISITOR,PERSONNEL PROFILE
2026-05-23 05:36:46,UNKNOWN VISITOR,PERSONNEL PROFILE
2026-05-23 05:36:46,UNKNOWN VISITOR,PERSONNEL PROFILE
2026-05-23 05:36:46,UNKNOWN VISITOR,PERSONNEL PROFILE
2026-05-23 05:36:54,UNKNOWN VISITOR,PERSONNEL PROFILE
2026-05-23 05:37:00,UNKNOWN VISITOR,PERSONNEL PROFILE
2026-05-23 05:37:00,UNKNOWN VISITOR,PERSONNEL PROFILE
2026-05-23 05:37:00,UNKNOWN VISITOR,PERSONNEL PROFILE
2026-05-23 05:37:06,UNKNOWN VISITOR,PERSONNEL PROFILE
2026-05-23 05:37:14,UNKNOWN VISITOR,PERSONNEL PROFILE
2026-05-23 05:37:18,UNKNOWN VISITOR,PERSONNEL PROFILE
2026-05-23 05:37:20,UNKNOWN VISITOR,PERSONNEL PROFILE
2026-05-23 05:37:20,UNKNOWN VISITOR,PERSONNEL PROFILE
2026-05-23 05:37:25,UNKNOWN VISITOR,PERSONNEL PROFILE
2026-05-23 05:41:02,UNKNOWN VISITOR,PERSONNEL PROFILE
2026-05-23 05:41:02,UNKNOWN VISITOR,PERSONNEL PROFILE
2026-05-23 05:50:20,UNKNOWN VISITOR,PERSONNEL PROFILE
2026-05-23 05:50:23,UNKNOWN VISITOR,PERSONNEL PROFILE
2026-05-23 05:50:36,UNKNOWN VISITOR,PERSONNEL PROFILE
2026-05-23 05:50:51,UNKNOWN VISITOR,PERSONNEL PROFILE
2026-05-23 05:51:05,UNKNOWN VISITOR,PERSONNEL PROFILE
2026-05-23 05:51:16,UNKNOWN VISITOR,PERSONNEL PROFILE
2026-05-23 05:51:19,BRAHMI,PERSONNEL PROFILE
2026-05-23 05:51:29,UNKNOWN VISITOR,PERSONNEL PROFILE
2026-05-23 05:51:35,BRAHMI,PERSONNEL PROFILE
2026-05-23 05:51:40,UNKNOWN VISITOR,PERSONNEL PROFILE
2026-05-23 05:51:54,UNKNOWN VISITOR,PERSONNEL PROFILE
2026-05-24 09:08:33,UNKNOWN VISITOR,PERSONNEL PROFILE
2026-05-24 09:08:44,UNKNOWN VISITOR,PERSONNEL PROFILE
2026-05-24 09:08:56,UNKNOWN VISITOR,PERSONNEL PROFILE
2026-05-24 10:22:11,UNKNOWN VISITOR,PERSONNEL PROFILE
2026-05-24 10:22:14,UNKNOWN VISITOR,PERSONNEL PROFILE
2026-05-24 10:22:26,UNKNOWN VISITOR,PERSONNEL PROFILE
2026-05-24 10:22:42,UNKNOWN VISITOR,PERSONNEL PROFILE
2026-05-24 10:22:57,UNKNOWN VISITOR,PERSONNEL PROFILE
2026-05-24 10:23:08,UNKNOWN VISITOR,PERSONNEL PROFILE
2026-05-24 10:23:21,UNKNOWN VISITOR,PERSONNEL PROFILE
2026-05-24 10:23:37,UNKNOWN VISITOR,PERSONNEL PROFILE
2026-05-24 10:23:50,UNKNOWN VISITOR,PERSONNEL PROFILE
2026-05-24 10:24:23,UNKNOWN VISITOR,PERSONNEL PROFILE
2026-05-24 10:24:28,UNKNOWN VISITOR,PERSONNEL PROFILE
2026-05-24 10:24:45,UNKNOWN VISITOR,PERSONNEL PROFILE
2026-05-24 10:25:08,UNKNOWN VISITOR,PERSONNEL PROFILE
2026-05-24 10:25:19,UNKNOWN VISITOR,PERSONNEL PROFILE
2026-05-24 10:25:34,UNKNOWN VISITOR,PERSONNEL PROFILE
2026-05-24 10:25:48,UNKNOWN VISITOR,PERSONNEL PROFILE
2026-05-24 10:26:00,UNKNOWN VISITOR,PERSONNEL PROFILE
2026-05-24 10:26:12,UNKNOWN VISITOR,PERSONNEL PROFILE
2026-05-24 10:26:26,UNKNOWN VISITOR,PERSONNEL PROFILE
2026-05-24 10:26:37,UNKNOWN VISITOR,PERSONNEL PROFILE
2026-05-24 10:26:49,UNKNOWN VISITOR,PERSONNEL PROFILE
2026-05-24 10:27:08,UNKNOWN VISITOR,PERSONNEL PROFILE
2026-05-24 10:27:18,UNKNOWN VISITOR,PERSONNEL PROFILE
2026-05-24 10:27:31,UNKNOWN VISITOR,PERSONNEL PROFILE
2026-05-24 10:27:43,UNKNOWN VISITOR,PERSONNEL PROFILE
2026-05-24 10:28:18,UNKNOWN VISITOR,PERSONNEL PROFILE
2026-05-24 10:28:46,UNKNOWN VISITOR,PERSONNEL PROFILE
2026-05-24 10:28:51,UNKNOWN VISITOR,PERSONNEL PROFILE
2026-05-24 10:29:01,UNKNOWN VISITOR,PERSONNEL PROFILE
2026-05-24 10:29:15,UNKNOWN VISITOR,PERSONNEL PROFILE
2026-05-24 10:29:28,UNKNOWN VISITOR,PERSONNEL PROFILE
2026-05-24 10:29:41,UNKNOWN VISITOR,PERSONNEL PROFILE
2026-05-24 10:29:55,UNKNOWN VISITOR,PERSONNEL PROFILE
2026-05-24 10:30:07,UNKNOWN VISITOR,PERSONNEL PROFILE
2026-05-24 10:30:21,UNKNOWN VISITOR,PERSONNEL PROFILE
2026-05-24 10:30:35,UNKNOWN VISITOR,PERSONNEL PROFILE
2026-05-24 10:30:47,UNKNOWN VISITOR,PERSONNEL PROFILE
2026-05-24 10:31:01,UNKNOWN VISITOR,PERSONNEL PROFILE
2026-05-24 10:31:13,UNKNOWN VISITOR,PERSONNEL PROFILE
2026-05-24 10:31:27,UNKNOWN VISITOR,PERSONNEL PROFILE
2026-05-24 10:31:40,UNKNOWN VISITOR,PERSONNEL PROFILE
2026-05-24 10:31:54,UNKNOWN VISITOR,PERSONNEL PROFILE
2026-05-24 10:32:07,UNKNOWN VISITOR,PERSONNEL PROFILE
2026-05-24 10:32:20,UNKNOWN VISITOR,PERSONNEL PROFILE
2026-05-24 10:32:33,UNKNOWN VISITOR,PERSONNEL PROFILE
2026-05-24 10:32:46,UNKNOWN VISITOR,PERSONNEL PROFILE
2026-05-24 10:33:00,UNKNOWN VISITOR,PERSONNEL PROFILE
2026-05-24 10:33:12,UNKNOWN VISITOR,PERSONNEL PROFILE
2026-05-24 10:33:24,UNKNOWN VISITOR,PERSONNEL PROFILE
2026-05-24 10:33:39,UNKNOWN VISITOR,PERSONNEL PROFILE
2026-05-24 10:33:52,UNKNOWN VISITOR,PERSONNEL PROFILE
2026-05-24 10:34:03,UNKNOWN VISITOR,PERSONNEL PROFILE
2026-05-24 10:34:17,UNKNOWN VISITOR,PERSONNEL PROFILE
2026-05-24 10:34:29,UNKNOWN VISITOR,PERSONNEL PROFILE
2026-05-24 10:34:43,BRAHMI,PERSONNEL PROFILE
2026-05-24 10:34:45,UNKNOWN VISITOR,PERSONNEL PROFILE
